,Genes,logFC_r_c,logFC_r_s,logFC_c_s
0,C,1.386091785468322,3.978616451604231,2.592524666135909
1,E,0.6411462171390551,1.772208536233899,1.1310623190948441
2,F,1.3586099221602765,2.509450178827718,1.1508402566674418
3,B,0.5216426494711612,6.176049419553747,5.654406770082586
4,A,-0.4038150091919248,3.1888132769260413,3.592628286117966
